{
    "rmse": 0.6813824427665888,
    "mae": 0.5371962092562735,
    "r2": 0.278497991145114
}